<?xml version="3.0" encoding="UTF-8" standalone="yes"?>
<addon id="plugin.video.knightofShadowsbrasil" name="[B][COLOR red]Knight of Shadows Brasil[/COLOR][/B]" version="4.0.0+matrix.1" provider-name="Equipe Knight of Shadows Brasil">  
<requires>
    <import addon="xbmc.python" version="3.0.0"/>
    <import addon="script.module.requests"/>
    <import addon="script.module.simplejson"/>
	<import addon="script.module.kodi-six" />
</requires>  
<extension point="xbmc.python.pluginsource" library="default.py">
	<provides>video</provides>
</extension>   
<extension point="xbmc.addon.metadata">
	 <summary lang="en">TODO CONTEÚDO DESSE EDDONS FOI EXTRAÍDO DENTRO DO GOOGLE, OU SEJA, ESTA VIA DOMÍNIO PÚBLICO. NÃO ME RESPONSABILIZO POR FINS LUCRATIVOS DE TERCEIROS.</summary>
    <description lang="en">Knight of Shadows Brasil é o lugar perfeito para os amantes de filmes de ação, terror, ficção científica e muito mais! Descubra uma experiência única e mergulhe nos melhores conteúdos com qualidade incrível.</description>
    <disclaimer lang="en"></disclaimer>
	<platform>all</platform>
	<assets>
       <icon>icon.png</icon>
       <fanart>fanart.jpg</fanart>
<screenshot>resources/screenshots/1.jpg</screenshot>
<screenshot>resources/screenshots/2.jpg</screenshot>
<screenshot>resources/screenshots/3.jpg</screenshot>
</assets>
	<news>
	</news>
</extension>
</addon>